timestamp,value,classification,date,sentiment_level,value_change,sentiment_change_pct,value_ma7,value_ma30,volatility_7d,momentum,year,month,day_of_week,Date,Size USD,Net PnL,PnL Pct,Is_Profitable,Trade_Count,Win_Rate,Avg_Trade_Size,Total_PnL_Pct
1702791000,73,Greed,2023-12-17,4,6.0,8.955223880597018,69.71428571428571,70.43333333333334,3.450327796712612,3.285714285714292,2023,12,6,2023-12-17,8380.22,-12.531073000000001,-0.14953155167764096,0,1,0.0,8380.22,-0.14953155167764096
1703914200,68,Greed,2023-12-30,4,3.0,4.615384615384621,70.57142857142857,71.26666666666667,3.0472470011012707,-2.5714285714285694,2023,12,5,2023-12-30,8896.630000000001,53.41542,0.6274004082901214,1,2,50.0,4448.3150000000005,0.6004006011264938
1704173400,71,Greed,2024-01-02,4,6.0,9.23076923076922,68.85714285714286,70.76666666666667,3.4846602621866127,2.142857142857139,2024,1,1,2024-01-02,272.58,35.044181,12.8564755301196,1,1,100.0,272.58,12.8564755301196
1704259800,70,Greed,2024-01-03,4,-1.0,-1.4084507042253502,68.42857142857143,70.63333333333334,3.0472470011010513,1.5714285714285694,2024,1,2,2024-01-03,2328.65,11.214388,0.26870516574296766,1,2,50.0,1164.325,0.48158323492152105
1704519000,70,Greed,2024-01-06,4,-2.0,-2.777777777777779,69.0,70.33333333333333,2.449489742784282,1.0,2024,1,5,2024-01-06,48541.13,-130.10374099999999,-0.06670599292898241,1,2,50.0,24270.565,-0.26802783742364467
1704605400,71,Greed,2024-01-07,4,1.0,1.4285714285714235,69.57142857142857,70.3,2.370453040887621,1.4285714285714306,2024,1,6,2024-01-07,1422.98,-0.826446,-0.04209238076494333,0,2,0.0,711.49,-0.058078539403224216
1704778200,76,Extreme Greed,2024-01-09,5,5.0,7.042253521126751,71.14285714285714,70.3,2.4784787961295627,4.857142857142861,2024,1,1,2024-01-09,6884.82,-1.721206,-0.025000014524707983,0,1,0.0,6884.82,-0.025000014524707983
1704864600,73,Greed,2024-01-10,4,-3.0,-3.9473684210526327,71.57142857142857,70.26666666666667,2.5071326821134234,1.4285714285714306,2024,1,2,2024-01-10,5250.969999999999,0.7309,0.2662186702778609,2,2,100.0,2625.4849999999997,0.013919332999426775
1705469400,60,Greed,2024-01-17,4,-4.0,-6.25,63.857142857142854,69.2,7.840675383931735,-3.857142857142854,2024,1,2,2024-01-17,50744.8,-11.36854,-0.011500003008010027,1,2,50.0,25372.4,-0.02240335955605303
1705555800,63,Greed,2024-01-18,4,3.0,5.000000000000004,62.0,68.86666666666666,5.744562646538162,1.0,2024,1,3,2024-01-18,92867.54,199.100274,0.21439167442143942,1,1,100.0,92867.54,0.21439167442143942
1705728600,52,Neutral,2024-01-20,3,1.0,1.9607843137254832,57.42857142857143,67.5,5.593363414414723,-5.428571428571431,2024,1,5,2024-01-20,6651.03,-1.662758,-0.025000007517632605,0,1,0.0,6651.03,-0.025000007517632605
1706074200,48,Neutral,2024-01-24,3,-2.0,-4.0000000000000036,53.57142857142857,64.86666666666666,4.995235825501885,-5.571428571428569,2024,1,2,2024-01-24,3750.16,-0.78826,0.05279860201137174,1,3,33.33333333333333,1250.0533333333333,-0.02101936984022015
1706160600,52,Neutral,2024-01-25,3,4.0,8.333333333333325,52.0,64.23333333333333,2.7688746209718964,0.0,2024,1,3,2024-01-25,20612.78,-965.056485,-4.681835662147464,0,1,0.0,20612.78,-4.681835662147464
1706679000,60,Greed,2024-01-31,4,-1.0,-1.6393442622950838,55.142857142857146,61.666666666666664,4.220133150686281,4.857142857142854,2024,1,2,2024-01-31,93082.70999999999,-21.936469,-0.01709671340341662,2,8,25.0,11635.338749999999,-0.023566641968202257
1707111000,60,Greed,2024-02-05,4,0.0,0.0,61.0,60.166666666666664,1.414213562373449,-1.0,2024,2,0,2024-02-05,1906.02,14.025278,0.7358410719719625,1,1,100.0,1906.02,0.7358410719719625
1707197400,64,Greed,2024-02-06,4,4.0,6.666666666666665,61.42857142857143,59.93333333333333,1.8126539343502779,2.5714285714285694,2024,2,1,2024-02-06,113411.16,-47.037255,-0.04227753780626137,2,8,25.0,14176.395,-0.04147497918194294
1707888600,74,Greed,2024-02-14,4,-5.0,-6.329113924050633,72.28571428571429,60.766666666666666,4.02965199962763,1.7142857142857082,2024,2,2,2024-02-14,21253.32,79.708059,1.3916925883960412,1,2,50.0,10626.66,0.37503815403899254
1707975000,72,Greed,2024-02-15,4,-2.0,-2.7027027027026973,73.14285714285714,61.03333333333333,2.9680841985247017,-1.1428571428571388,2024,2,3,2024-02-15,760.73,22.842714,3.0027360561565866,1,1,100.0,760.73,3.0027360561565866
1708061400,72,Greed,2024-02-16,4,0.0,0.0,73.14285714285714,61.43333333333333,2.9680841985247017,-1.1428571428571388,2024,2,4,2024-02-16,4449.02,33.382519,1.4186996671887233,5,5,100.0,889.8040000000001,0.7503342084324188
1708147800,76,Extreme Greed,2024-02-17,5,4.0,5.555555555555558,73.42857142857143,61.86666666666667,3.154739442868353,2.5714285714285694,2024,2,5,2024-02-17,8452.14,111.996497,1.3842685747430175,3,3,100.0,2817.3799999999997,1.3250667523254467
1708234200,72,Greed,2024-02-18,4,-4.0,-5.263157894736848,73.57142857142857,62.56666666666667,3.0472470011016073,-1.5714285714285694,2024,2,6,2024-02-18,127.92,5.287237999999999,4.133237961225766,1,1,100.0,127.92,4.133237961225766
1708320600,75,Extreme Greed,2024-02-19,5,3.0,4.166666666666674,74.28571428571429,63.333333333333336,2.6276913640628994,0.7142857142857082,2024,2,0,2024-02-19,38924.6,0.778492,0.002,1,1,100.0,38924.6,0.002
1708407000,72,Greed,2024-02-20,4,-3.0,-4.0000000000000036,73.28571428571429,63.86666666666667,1.7043362064951344,-1.2857142857142918,2024,2,1,2024-02-20,4713.43,0.094268,0.0019999872704166604,1,1,100.0,4713.43,0.0019999872704166604
1708666200,76,Extreme Greed,2024-02-23,5,2.0,2.7027027027026973,74.71428571428571,66.36666666666666,2.2146697055703335,1.2857142857142918,2024,2,4,2024-02-23,305.36,11.917125,3.9026476945244957,1,1,100.0,305.36,3.9026476945244957
1708925400,72,Greed,2024-02-26,4,-2.0,-2.7027027027026973,74.0,68.43333333333334,2.309401076760387,-2.0,2024,2,0,2024-02-26,406.34,20.098811,4.9463038342274945,1,1,100.0,406.34,4.9463038342274945
1709098200,82,Extreme Greed,2024-02-28,5,3.0,3.797468354430378,75.57142857142857,70.16666666666667,3.735288603627635,6.428571428571431,2024,2,2,2024-02-28,25385.04,833.649594,3.2840192254965914,1,1,100.0,25385.04,3.2840192254965914
1709184600,80,Extreme Greed,2024-02-29,5,-2.0,-2.4390243902439046,76.42857142857143,70.8,3.994043183591154,3.5714285714285694,2024,2,3,2024-02-29,1061.23,46.358025,4.3683296740574615,1,1,100.0,1061.23,4.3683296740574615
1709271000,80,Extreme Greed,2024-03-01,5,0.0,0.0,77.0,71.46666666666667,4.203173404307393,3.0,2024,3,4,2024-03-01,10725.75,9.473594,1.5067095235610577,2,2,100.0,5362.875,0.08832570216534975
1709530200,82,Extreme Greed,2024-03-04,5,-1.0,-1.2048192771084376,80.85714285714286,73.43333333333334,1.4638501094270595,1.1428571428571388,2024,3,0,2024-03-04,59166.76,654.6487870000001,8.935051559777069,5,6,83.33333333333334,9861.126666666667,1.106446908703468
1709616600,90,Extreme Greed,2024-03-05,5,8.0,9.756097560975618,82.42857142857143,74.43333333333334,3.552329886012977,7.571428571428569,2024,3,1,2024-03-05,1753.9199999999998,70.854915,4.980402801143881,2,2,100.0,876.9599999999999,4.039803126710455
1709875800,81,Extreme Greed,2024-03-08,5,-1.0,-1.2195121951219523,81.85714285714286,76.16666666666667,4.450789122114958,-0.8571428571428612,2024,3,4,2024-03-08,2000.44,121.502608,6.073794165283637,1,1,100.0,2000.44,6.073794165283637
1710135000,82,Extreme Greed,2024-03-11,5,3.0,3.797468354430378,81.85714285714286,77.26666666666667,4.598136268410297,0.1428571428571388,2024,3,0,2024-03-11,3353.64,163.3392,4.3060385209635035,2,2,100.0,1676.82,4.870504884245179
1710394200,88,Extreme Greed,2024-03-14,5,7.0,8.64197530864197,82.28571428571429,78.26666666666667,2.927700218847865,5.714285714285708,2024,3,3,2024-03-14,14.89,0.47807700000000003,3.2107253190060443,1,1,100.0,14.89,3.2107253190060443
1710480600,83,Extreme Greed,2024-03-15,5,-5.0,-5.681818181818176,82.57142857142857,78.56666666666666,2.878491668518029,0.4285714285714306,2024,3,4,2024-03-15,16299.4,731.8469319999999,2.417354823212509,2,2,100.0,8149.7,4.4900237554756615
1710912600,74,Greed,2024-03-20,4,-5.0,-6.329113924050633,80.14285714285714,79.33333333333333,4.488079449259929,-6.142857142857139,2024,3,2,2024-03-20,444.52,15.099642000000001,3.396841986862234,1,1,100.0,444.52,3.396841986862234
1711258200,74,Greed,2024-03-24,4,1.0,1.3698630136986356,75.71428571428571,79.33333333333333,2.288688541087513,-1.7142857142857082,2024,3,6,2024-03-24,11945.98,-1.146814,-0.009599999330318652,0,1,0.0,11945.98,-0.009599999330318652
1711431000,81,Extreme Greed,2024-03-26,5,6.0,8.000000000000007,75.71428571428571,79.66666666666667,2.811540841739982,5.285714285714292,2024,3,1,2024-03-26,3392.61,136.100093,4.011671938806977,3,3,100.0,1130.8700000000001,4.011663380111477
1711517400,83,Extreme Greed,2024-03-27,5,2.0,2.4691358024691468,77.0,80.03333333333333,3.785938897201594,6.0,2024,3,2,2024-03-27,997.52,-6.15196,-0.6167254791883873,0,1,0.0,997.52,-0.6167254791883873
1711603800,80,Extreme Greed,2024-03-28,5,-3.0,-3.6144578313253017,77.28571428571429,80.06666666666666,3.946064947696553,2.714285714285708,2024,3,3,2024-03-28,7768.85,-0.745808,-0.009599979404931232,0,1,0.0,7768.85,-0.009599979404931232
1711949400,79,Extreme Greed,2024-04-01,5,4.0,5.333333333333323,78.85714285714286,79.6,2.9680841985252675,0.1428571428571388,2024,4,0,2024-04-01,5501.48,-1.831457,-0.022299912531164284,0,2,0.0,2750.74,-0.033290260075470604
1712035800,79,Extreme Greed,2024-04-02,5,0.0,0.0,78.57142857142857,79.46666666666667,2.819996622762588,0.4285714285714306,2024,4,1,2024-04-02,319.34,-0.111767,-0.034999373708273315,0,1,0.0,319.34,-0.034999373708273315
1712208600,70,Greed,2024-04-04,4,-1.0,-1.4084507042253502,75.42857142857143,78.43333333333334,3.823486317362429,-5.428571428571431,2024,4,3,2024-04-04,843.38,-0.295181,-0.03499976285897223,0,1,0.0,843.38,-0.03499976285897223
1712295000,79,Extreme Greed,2024-04-05,5,9.0,12.857142857142856,75.42857142857143,78.56666666666666,3.823486317362429,3.5714285714285694,2024,4,4,2024-04-05,1247.52,12.657480000000001,1.0146113889957677,1,1,100.0,1247.52,1.0146113889957677
1712467800,78,Extreme Greed,2024-04-07,5,3.0,4.0000000000000036,75.85714285714286,78.23333333333333,3.9339789623485215,2.142857142857139,2024,4,6,2024-04-07,1525.9,-0.534066,-0.03500006553509404,0,1,0.0,1525.9,-0.03500006553509404
1712727000,78,Extreme Greed,2024-04-10,5,-2.0,-2.500000000000002,76.57142857142857,77.86666666666666,3.3594217189458186,1.4285714285714306,2024,4,2,2024-04-10,12499.7,191.54207399999999,1.5323733689608547,1,1,100.0,12499.7,1.5323733689608547
1712899800,79,Extreme Greed,2024-04-12,5,3.0,3.9473684210526327,77.42857142857143,77.63333333333334,1.8126539343529569,1.5714285714285694,2024,4,4,2024-04-12,14117.98,10.325938,2.832193137624078,1,2,50.0,7058.99,0.07314033594041075
1712986200,72,Greed,2024-04-13,4,-7.0,-8.860759493670889,77.0,77.1,2.6457513110666255,-5.0,2024,4,5,2024-04-13,2279.7,46.736534,1.022681709165963,1,2,50.0,1139.85,2.0501177347896653
1713072600,72,Greed,2024-04-14,4,0.0,0.0,76.14285714285714,76.73333333333333,3.1847852585170493,-4.142857142857139,2024,4,6,2024-04-14,293.62,5.733613,1.9527324432940536,1,1,100.0,293.62,1.9527324432940536
1713159000,74,Greed,2024-04-15,4,2.0,2.777777777777768,75.85714285714286,76.5,3.287784027203435,-1.8571428571428612,2024,4,0,2024-04-15,3999.71,126.58238899999999,3.1647891722149852,1,1,100.0,3999.71,3.1647891722149852
1713850200,71,Greed,2024-04-23,4,-2.0,-2.73972602739726,67.42857142857143,74.1,5.442338432976558,3.5714285714285694,2024,4,1,2024-04-23,1093.6299999999999,22.21084,1.548651132744746,3,3,100.0,364.5433333333333,2.0309281932646326
1714368600,67,Greed,2024-04-29,4,2.0,3.076923076923066,69.14285714285714,72.1,2.794552524024328,-2.142857142857139,2024,4,0,2024-04-29,480.64,4.090407,0.8510334137816246,1,1,100.0,480.64,0.8510334137816246
1714973400,71,Greed,2024-05-06,4,2.0,2.898550724637672,59.857142857142854,68.46666666666667,11.320020191804433,11.142857142857146,2024,5,0,2024-05-06,100136.78,690.174946,0.6892322141774481,1,1,100.0,100136.78,0.6892322141774481
1715232600,55,Greed,2024-05-09,4,-9.0,-14.0625,63.142857142857146,66.9,8.474050024016153,-8.142857142857146,2024,5,3,2024-05-09,602.9,4.876985,0.8089210482667111,1,1,100.0,602.9,0.8089210482667111
1715578200,57,Greed,2024-05-13,4,1.0,1.7857142857142794,59.857142857142854,64.46666666666667,5.98410593234503,-2.857142857142854,2024,5,0,2024-05-13,4281.41,104.499908,2.4407825459369694,1,1,100.0,4281.41,2.4407825459369694
1715751000,64,Greed,2024-05-15,4,-2.0,-3.0303030303030276,59.57142857142857,63.93333333333333,5.563486402642144,4.428571428571431,2024,5,2,2024-05-15,22613.97,-7.914889,-0.035000001688834596,0,2,0.0,11306.985,-0.03499999778897734
1715837400,70,Greed,2024-05-16,4,6.0,9.375,61.714285714285715,64.1,6.343350474165769,8.285714285714285,2024,5,3,2024-05-16,468.06,-0.163819,-0.03499060150375939,0,2,0.0,234.03,-0.03499957270435414
1716269400,76,Extreme Greed,2024-05-21,5,6.0,8.571428571428562,71.28571428571429,65.33333333333333,3.860668582612261,4.714285714285708,2024,5,1,2024-05-21,1988.82,-0.696087,-0.034999999999999996,0,1,0.0,1988.82,-0.034999999999999996
1716442200,76,Extreme Greed,2024-05-23,5,0.0,0.0,73.85714285714286,65.6,2.3401261667266895,2.142857142857139,2024,5,3,2024-05-23,4940.82,2.087097,0.21969047809194875,1,3,33.33333333333333,1646.9399999999998,0.04224191530960448
1716787800,74,Greed,2024-05-27,4,-1.0,-1.3333333333333308,75.28571428571429,66.2,0.9511897312160834,-1.2857142857142918,2024,5,0,2024-05-27,2223.67,47.557629,2.138699941987795,1,1,100.0,2223.67,2.138699941987795
1716960600,72,Greed,2024-05-29,4,0.0,0.0,74.14285714285714,66.6,1.6761634196976132,-2.142857142857139,2024,5,2,2024-05-29,443.19,-0.155117,-0.03500011244436432,0,2,0.0,221.595,-0.03500011281843002
1717392600,73,Greed,2024-06-03,4,0.0,0.0,72.57142857142857,69.43333333333334,0.5345224838322888,0.4285714285714306,2024,6,0,2024-06-03,443.84,7.210319,1.6243102050011267,1,2,50.0,221.92,1.6245311373467919
1717651800,78,Extreme Greed,2024-06-06,5,3.0,4.0000000000000036,73.85714285714286,70.03333333333333,2.0354009783985143,4.142857142857139,2024,6,3,2024-06-06,878.4,4.822977,0.7580282883341308,1,2,50.0,439.2,0.5490638661202186
1717738200,77,Extreme Greed,2024-06-07,5,-1.0,-1.2820512820512775,74.42857142857143,70.46666666666667,2.2990681342063386,2.5714285714285694,2024,6,4,2024-06-07,94.73,-0.01784,-0.01883247123403357,0,1,0.0,94.73,-0.01883247123403357
1717911000,75,Extreme Greed,2024-06-09,5,3.0,4.166666666666674,74.71428571428571,71.33333333333333,2.2146697055702806,0.2857142857142918,2024,6,6,2024-06-09,70.47,-0.00839,-0.011905775507308074,0,1,0.0,70.47,-0.011905775507308074
1717997400,72,Greed,2024-06-10,4,-3.0,-4.0000000000000036,74.57142857142857,71.96666666666667,2.370453040888263,-2.5714285714285694,2024,6,0,2024-06-10,554.85,-0.194195,-0.03499954942777327,0,1,0.0,554.85,-0.03499954942777327
1718170200,72,Greed,2024-06-12,4,-2.0,-2.7027027027026973,74.28571428571429,73.06666666666666,2.497617912752852,-2.285714285714292,2024,6,2,2024-06-12,115.1,-0.01749,-0.015195482189400521,0,1,0.0,115.1,-0.015195482189400521
1718602200,71,Greed,2024-06-17,4,0.0,0.0,72.28571428571429,73.5,1.704336206495,-1.2857142857142918,2024,6,0,2024-06-17,6589.82,634.157007,9.623282684504282,1,1,100.0,6589.82,9.623282684504282
1718947800,63,Greed,2024-06-21,4,3.0,5.000000000000004,68.14285714285714,72.4,5.698788509516455,-5.142857142857139,2024,6,4,2024-06-21,24.99,-0.00349,-0.013965586234493798,0,1,0.0,24.99,-0.013965586234493798
1719379800,46,Neutral,2024-06-26,3,16.0,53.33333333333334,51.142857142857146,67.73333333333333,10.884676865952006,-5.142857142857146,2024,6,2,2024-06-26,12155.220000000001,-4.217378999999999,-0.0231223521158584,0,2,0.0,6077.610000000001,-0.034696031828300916
1719466200,40,Fear,2024-06-27,2,-6.0,-13.043478260869568,48.285714285714285,66.66666666666667,10.796824930109217,-8.285714285714285,2024,6,3,2024-06-27,29999.34,-10.49977,-0.035000003333406665,0,1,0.0,29999.34,-0.035000003333406665
1719984600,50,Neutral,2024-07-03,3,-1.0,-1.9607843137254943,45.42857142857143,61.4,7.976154939508508,4.571428571428569,2024,7,2,2024-07-03,10377.08,384.113292,1.9010723268135472,1,2,50.0,5188.54,3.701554695540557
1720243800,26,Fear,2024-07-06,2,-3.0,-10.344827586206895,42.857142857142854,57.166666666666664,10.915257997081634,-16.857142857142854,2024,7,5,2024-07-06,118.65,-48.59281,-40.95705368086723,0,2,0.0,59.325,-40.95474926253687
1721021400,52,Neutral,2024-07-15,3,19.0,57.57575757575757,31.285714285714285,44.36666666666667,9.534398874850746,20.714285714285715,2024,7,0,2024-07-15,1828.39,-0.639936,-0.03499997265353671,0,1,0.0,1828.39,-0.03499997265353671
1721194200,69,Greed,2024-07-17,4,4.0,6.153846153846154,42.57142857142857,44.1,19.077536029382266,26.42857142857143,2024,7,2,2024-07-17,6190.08,2.1076550000000003,0.06589132298476759,2,4,50.0,1547.52,0.034048913745864356
1721280600,61,Greed,2024-07-18,4,-8.0,-11.594202898550721,47.142857142857146,43.666666666666664,19.117431586805527,13.857142857142854,2024,7,3,2024-07-18,29998.29,130.13419199999998,0.4338053669059136,1,1,100.0,29998.29,0.4338053669059136
1721453400,74,Greed,2024-07-20,4,14.0,23.33333333333334,59.142857142857146,44.0,13.483676197889329,14.857142857142854,2024,7,5,2024-07-20,558.23,-0.195379,-0.034999731293552834,0,1,0.0,558.23,-0.034999731293552834
1721539800,74,Greed,2024-07-21,4,0.0,0.0,65.0,44.36666666666667,8.041558721210222,9.0,2024,7,6,2024-07-21,10.65,-0.21688100000000002,-2.036441314553991,0,1,0.0,10.65,-2.036441314553991
1721626200,70,Greed,2024-07-22,4,-4.0,-5.405405405405405,67.57142857142857,44.93333333333333,5.740416444160423,2.4285714285714306,2024,7,0,2024-07-22,281.34,-17.56812,-6.2444444444444445,0,1,0.0,281.34,-6.2444444444444445
1721712600,71,Greed,2024-07-23,4,1.0,1.4285714285714235,68.42857142857143,45.46666666666667,5.74041644416045,2.5714285714285694,2024,7,1,2024-07-23,1039.99,188.370263,24.77054737746226,3,3,100.0,346.66333333333336,18.112699449033162
1721885400,68,Greed,2024-07-25,4,-1.0,-1.449275362318836,69.42857142857143,47.333333333333336,4.755948656057458,-1.4285714285714306,2024,7,3,2024-07-25,1060.73,-0.37125600000000003,-0.03500002499375156,0,2,0.0,530.365,-0.03500004713734881
1721971800,68,Greed,2024-07-26,4,0.0,0.0,70.57142857142857,48.06666666666667,2.572750982713864,-2.5714285714285694,2024,7,4,2024-07-26,2583.92,-0.9043720000000001,-0.03499993931450829,0,2,0.0,1291.96,-0.034999999999999996
1722058200,72,Greed,2024-07-27,4,4.0,5.882352941176472,70.28571428571429,49.13333333333333,2.214669705569961,1.7142857142857082,2024,7,5,2024-07-27,82123.84,631.758485,0.7645089669957708,2,2,100.0,41061.92,0.7692753833722339
1722317400,67,Greed,2024-07-30,4,-7.0,-9.459459459459463,69.85714285714286,52.06666666666667,2.544836041122835,-2.857142857142861,2024,7,1,2024-07-30,10067.14,-3.523499,-0.035,0,1,0.0,10067.14,-0.035
1722576600,57,Greed,2024-08-02,4,5.0,9.615384615384626,64.85714285714286,52.6,8.35520938154928,-7.857142857142861,2024,8,4,2024-08-02,3845.84,-1.346042,-0.03499994799575645,0,1,0.0,3845.84,-0.03499994799575645
1722749400,34,Fear,2024-08-04,2,-3.0,-8.108108108108103,54.57142857142857,52.53333333333333,14.819549507965785,-20.57142857142857,2024,8,6,2024-08-04,736.15,-0.257652,-0.03499993207905997,0,1,0.0,736.15,-0.03499993207905997
1722835800,26,Fear,2024-08-05,2,-8.0,-23.529411764705888,47.714285714285715,52.53333333333333,15.424161627289847,-21.714285714285715,2024,8,0,2024-08-05,60.33,-0.021114,-0.03499751367478866,0,1,0.0,60.33,-0.03499751367478866
1722922200,17,Extreme Fear,2024-08-06,1,-9.0,-34.61538461538461,40.57142857142857,52.13333333333333,16.541434267289024,-23.57142857142857,2024,8,1,2024-08-06,240.0,-0.021,-0.008749999999999999,0,1,0.0,240.0,-0.008749999999999999
1723181400,48,Neutral,2024-08-09,3,28.0,140.0,30.142857142857142,52.6,10.605479266689576,17.857142857142858,2024,8,4,2024-08-09,139.12,-0.048693,-0.03500071880391029,0,1,0.0,139.12,-0.03500071880391029
1723267800,40,Fear,2024-08-10,2,-8.0,-16.666666666666664,30.571428571428573,52.96666666666667,10.982670331892868,9.428571428571427,2024,8,5,2024-08-10,91.0,-0.0026,-0.002857142857142857,0,1,0.0,91.0,-0.002857142857142857
1723613400,30,Fear,2024-08-14,2,-1.0,-3.2258064516129004,33.285714285714285,52.63333333333333,9.621404708846923,-3.2857142857142847,2024,8,2,2024-08-14,3631.7,-1.271095,-0.035,0,1,0.0,3631.7,-0.035
1725168600,26,Fear,2024-09-01,2,-3.0,-10.344827586206895,35.857142857142854,33.53333333333333,11.126972805283467,-9.857142857142854,2024,9,6,2024-09-01,1500.1,-0.525034,-0.034999933337777483,0,1,0.0,1500.1,-0.034999933337777483
1726810200,54,Neutral,2024-09-20,3,5.0,10.20408163265305,45.857142857142854,36.53333333333333,7.448234050846424,8.142857142857146,2024,9,4,2024-09-20,16982.170000000002,-1.630287,-0.009599982518542088,0,2,0.0,8491.085000000001,-0.00959999222714176
1726896600,54,Neutral,2024-09-21,3,0.0,0.0,46.42857142857143,37.03333333333333,7.955231881328927,7.571428571428569,2024,9,5,2024-09-21,15016.59,3258.151833,21.717482981541913,2,2,100.0,7508.295,21.697015321054913
1727155800,54,Neutral,2024-09-24,3,4.0,8.000000000000007,51.142857142857146,37.43333333333333,3.387652649872778,2.857142857142854,2024,9,1,2024-09-24,6113.57,-0.586902,-0.009599988222920488,0,1,0.0,6113.57,-0.009599988222920488
1727328600,50,Neutral,2024-09-26,3,-9.0,-15.254237288135597,53.285714285714285,37.63333333333333,3.093772546815444,-3.2857142857142847,2024,9,3,2024-09-26,14670.960000000001,-1.4084079999999999,-0.009596302500794494,0,4,0.0,3667.7400000000002,-0.009599971644664015
1727415000,61,Greed,2024-09-27,4,11.0,21.999999999999996,54.285714285714285,38.666666666666664,4.270608298368739,6.714285714285715,2024,9,4,2024-09-27,17931.9,-1.7214349999999998,-0.009598124561942369,0,26,0.0,689.6884615384616,-0.009599847199683244
1727501400,64,Greed,2024-09-28,4,3.0,4.918032786885251,55.714285714285715,39.833333333333336,5.618845839799288,8.285714285714285,2024,9,5,2024-09-28,19410.84,-1.8634380000000001,-0.009599950386874284,0,3,0.0,6470.28,-0.009599986399352115
1727674200,61,Greed,2024-09-30,4,-2.0,-3.1746031746031744,58.857142857142854,41.86666666666667,5.080307452263702,2.142857142857146,2024,9,0,2024-09-30,34738.920000000006,453.333772,0.039035273794050224,1,47,2.127659574468085,739.1259574468087,1.3049737067243308
1728279000,50,Neutral,2024-10-07,3,0.0,0.0,45.57142857142857,46.53333333333333,5.442338432975776,4.428571428571431,2024,10,0,2024-10-07,29999.63,-10.49987,-0.03499999833331277,0,1,0.0,29999.63,-0.03499999833331277
1728970200,65,Greed,2024-10-15,4,17.0,35.41666666666667,47.42857142857143,49.6,10.244626930854007,17.57142857142857,2024,10,1,2024-10-15,10211.83,206.081179,2.018063158121512,1,1,100.0,10211.83,2.018063158121512
1729834200,72,Greed,2024-10-25,4,3.0,4.347826086956519,71.28571428571429,57.166666666666664,1.38013111868705,0.7142857142857082,2024,10,4,2024-10-25,21029.71,7844.401661999999,37.30120806909932,4,4,100.0,5257.4275,37.30152085787203
1730352600,77,Extreme Greed,2024-10-31,5,0.0,0.0,73.28571428571429,59.6,2.9277002188468364,3.714285714285708,2024,10,3,2024-10-31,24938.28,15.087053,0.060497568396858166,1,1,100.0,24938.28,0.060497568396858166
1730698200,70,Greed,2024-11-04,4,-4.0,-5.405405405405405,73.85714285714286,63.63333333333333,2.6726124191256413,-3.857142857142861,2024,11,0,2024-11-04,5186.86,-1.815402,-0.03500001927948701,0,1,0.0,5186.86,-0.03500001927948701
1731130200,75,Extreme Greed,2024-11-09,5,0.0,0.0,73.0,67.63333333333334,2.9439202887771607,2.0,2024,11,5,2024-11-09,71.59,-0.008569,-0.01196954881966755,0,1,0.0,71.59,-0.01196954881966755
1731303000,76,Extreme Greed,2024-11-11,5,-2.0,-2.564102564102566,74.42857142857143,70.4,3.207134902950303,1.5714285714285694,2024,11,0,2024-11-11,41652.37,-4.165234,-0.009999987306125795,0,5,0.0,8330.474,-0.009999992797528686
1731389400,80,Extreme Greed,2024-11-12,5,4.0,5.263157894736836,75.85714285714286,71.43333333333334,3.132015933792842,4.142857142857139,2024,11,1,2024-11-12,2221.66,-0.777579,-0.0349999099909991,0,2,0.0,1110.83,-0.03499990997722424
1731562200,88,Extreme Greed,2024-11-14,5,4.0,4.761904761904767,79.42857142857143,73.9,4.961758520832892,8.57142857142857,2024,11,3,2024-11-14,12502.45,-4.375857,-0.034999996000783844,0,1,0.0,12502.45,-0.034999996000783844
1731821400,90,Extreme Greed,2024-11-17,5,4.0,4.651162790697683,83.42857142857143,75.46666666666667,4.995235825503455,6.571428571428569,2024,11,6,2024-11-17,45936.29,-13.294167999999999,-0.02000000114935421,0,2,0.0,22968.145,-0.02894044773750775
1731907800,83,Extreme Greed,2024-11-18,5,-7.0,-7.777777777777772,84.42857142857143,75.8,3.8234863173627787,-1.4285714285714306,2024,11,0,2024-11-18,10602.68,-1.060266,-0.00999997851681462,0,3,0.0,3534.226666666667,-0.009999981136844647
1732080600,83,Extreme Greed,2024-11-20,5,-7.0,-7.777777777777772,85.71428571428571,76.73333333333333,3.860668582613035,-2.714285714285708,2024,11,2,2024-11-20,31873.42,-10.569697,-0.042874170184891036,0,7,0.0,4553.345714285714,-0.03316147749441384
1732167000,82,Extreme Greed,2024-11-21,5,-1.0,-1.2048192771084376,84.85714285714286,77.06666666666666,3.9339789623488635,-2.857142857142861,2024,11,3,2024-11-21,500.25,14.388767999999999,2.87631544227886,1,1,100.0,500.25,2.87631544227886
1732253400,94,Extreme Greed,2024-11-22,5,12.0,14.634146341463406,86.85714285714286,77.86666666666666,4.5617456975962485,7.142857142857139,2024,11,4,2024-11-22,3177.2799999999997,1.8654710000000005,0.15195556677092206,2,10,20.0,317.72799999999995,0.058712829841877354
1732426200,80,Extreme Greed,2024-11-24,5,-13.0,-13.978494623655912,86.42857142857143,78.96666666666667,5.740416444161067,-6.428571428571431,2024,11,6,2024-11-24,1109.86,-0.388451,-0.034999999999999996,0,1,0.0,1109.86,-0.034999999999999996
1732512600,82,Extreme Greed,2024-11-25,5,2.0,2.499999999999991,86.28571428571429,79.3,5.8513327745146215,-4.285714285714292,2024,11,0,2024-11-25,1473.43,0.029122000000000037,0.1496356143735387,1,3,33.33333333333333,491.1433333333334,0.001976476656508965
1732599000,79,Extreme Greed,2024-11-26,5,-3.0,-3.658536585365857,84.71428571428571,79.46666666666667,6.156684327198751,-5.714285714285708,2024,11,1,2024-11-26,20887.789999999997,2.3561189999999996,2.8846485789558614,2,5,40.0,4177.557999999999,0.01127988647913446
1732685400,75,Extreme Greed,2024-11-27,5,-4.0,-5.063291139240511,83.57142857142857,79.56666666666666,7.184639700016961,-8.57142857142857,2024,11,2,2024-11-27,14367.36,-43.195831,-0.3006525276738385,0,1,0.0,14367.36,-0.3006525276738385
1732771800,77,Extreme Greed,2024-11-28,5,2.0,2.6666666666666616,82.85714285714286,79.73333333333333,7.603257447274528,-5.857142857142861,2024,11,3,2024-11-28,115068.26000000001,-1880.1155749999998,-2.8003116450505883,1,6,16.666666666666664,19178.043333333335,-1.633913274607611
1732858200,78,Extreme Greed,2024-11-29,5,1.0,1.298701298701288,80.57142857142857,79.76666666666667,5.912053869205807,-2.5714285714285694,2024,11,4,2024-11-29,1573.42,573.180285,49.97728942161157,1,2,50.0,786.71,36.428943638697866
1732944600,84,Extreme Greed,2024-11-30,5,6.0,7.692307692307687,79.28571428571429,80.0,3.0394235042364315,4.714285714285708,2024,11,5,2024-11-30,14311.48,339.099563,21.20678372157491,2,5,40.0,2862.296,2.3694234488676225
1733031000,81,Extreme Greed,2024-12-01,5,-3.0,-3.57142857142857,79.42857142857143,80.2,3.1014589500841914,1.5714285714285694,2024,12,6,2024-12-01,554.61,-0.194112,-0.03499972953967653,0,1,0.0,554.61,-0.03499972953967653
1733117400,80,Extreme Greed,2024-12-02,5,-1.0,-1.2345679012345734,79.14285714285714,80.46666666666667,2.911389784312644,0.8571428571428612,2024,12,0,2024-12-02,81744.92,7.86059231,0.0012425394019622885,1,43,2.3255813953488373,1901.0446511627906,0.009616000982079377
1733203800,76,Extreme Greed,2024-12-03,5,-4.0,-5.000000000000004,78.71428571428571,80.53333333333333,3.1471831698792476,-2.714285714285708,2024,12,1,2024-12-03,515644.47,18706.862052,6.537232344751511,91,128,71.09375,4028.472421875,3.627860500860215
1733290200,78,Extreme Greed,2024-12-04,5,2.0,2.6315789473684292,79.14285714285714,80.8,2.7342623276123343,-1.1428571428571388,2024,12,2,2024-12-04,100.07,15.929439,7.9671096328898665,1,2,50.0,50.035,15.918296192665135
1733376600,84,Extreme Greed,2024-12-05,5,6.0,7.692307692307687,80.14285714285714,81.26666666666667,3.0783421636005026,3.857142857142861,2024,12,3,2024-12-05,2404.41,235.80805099999998,4.145535203131473,1,3,33.33333333333333,801.4699999999999,9.80731451790668
1733463000,72,Greed,2024-12-06,4,-12.0,-14.28571428571429,79.28571428571429,81.33333333333333,4.347960660444336,-7.285714285714292,2024,12,4,2024-12-06,1967.53,-81.84137548,-7.11228988685065,1,4,25.0,491.8825,-4.159599878019648
1733549400,75,Extreme Greed,2024-12-07,5,3.0,4.166666666666674,78.0,81.26666666666667,4.041451884328483,-3.0,2024,12,5,2024-12-07,968.5,81.29695,27.206543626563334,1,3,33.33333333333333,322.8333333333333,8.39410944759938
1733635800,79,Extreme Greed,2024-12-08,5,4.0,5.333333333333323,77.71428571428571,81.4,3.8606685826124285,1.2857142857142918,2024,12,6,2024-12-08,11935.0,10.023958,2.2879638284810198,1,3,33.33333333333333,3978.3333333333335,0.08398791788856305
1733722200,78,Extreme Greed,2024-12-09,5,-1.0,-1.2658227848101222,77.42857142857143,81.5,3.735288603627508,0.5714285714285694,2024,12,0,2024-12-09,10858.96,3.46597226,0.6593027900529376,2,11,18.181818181818183,987.1781818181818,0.03191808663076391
1733808600,78,Extreme Greed,2024-12-10,5,0.0,0.0,77.71428571428571,81.5,3.6839419880662247,0.2857142857142918,2024,12,1,2024-12-10,7715.33,284.08175900000003,8.933295230805015,8,10,80.0,771.533,3.682042880861869
1733895000,74,Greed,2024-12-11,4,-4.0,-5.128205128205132,77.14285714285714,81.43333333333334,3.9339789623482866,-3.142857142857139,2024,12,2,2024-12-11,29932.51,25461.840618,27.11769053537143,6,9,66.66666666666666,3325.834444444444,85.06416808346509
1733981400,83,Extreme Greed,2024-12-12,5,9.0,12.162162162162172,77.0,81.53333333333333,3.6514837167022494,6.0,2024,12,3,2024-12-12,57473.310000000005,832.82437665,11.142654120803032,8,32,25.0,1796.0409375000002,1.4490628374283645
1734067800,76,Extreme Greed,2024-12-13,5,-7.0,-8.433734939759042,77.57142857142857,81.26666666666667,2.9920529661738295,-1.5714285714285694,2024,12,4,2024-12-13,35842.85,9.239289,0.17391465323545946,2,26,7.6923076923076925,1378.5711538461537,0.02577721637648792
1734154200,83,Extreme Greed,2024-12-14,5,7.0,9.210526315789469,78.71428571428571,81.1,3.3523268393914867,4.285714285714292,2024,12,5,2024-12-14,38847.009999999995,3234.9891339999995,9.14585016456737,5,30,16.666666666666664,1294.9003333333333,8.327511265345775
1734240600,80,Extreme Greed,2024-12-15,5,-3.0,-3.6144578313253017,78.85714285714286,81.1,3.3876526498742208,1.1428571428571388,2024,12,6,2024-12-15,48930.06,97.42012350000002,0.27476924214168424,2,20,10.0,2446.5029999999997,0.19910076443805713
1734327000,83,Extreme Greed,2024-12-16,5,3.0,3.750000000000009,79.57142857142857,81.0,3.690399384762757,3.4285714285714306,2024,12,0,2024-12-16,163104.13,-36.272635,0.049794261483478236,1,24,4.166666666666666,6796.005416666667,-0.02223894330572745
1734413400,87,Extreme Greed,2024-12-17,5,4.0,4.819277108433728,80.85714285714286,80.9,4.525062483126705,6.142857142857139,2024,12,1,2024-12-17,33902.45,-3.4157800000000003,-0.014439881336689244,0,10,0.0,3390.245,-0.010075319040364341
1734499800,81,Extreme Greed,2024-12-18,5,-6.0,-6.896551724137934,81.85714285714286,80.83333333333333,3.3876526498744393,-0.8571428571428612,2024,12,2,2024-12-18,56717.49,32.72347303,0.7874191883318269,6,25,24.0,2268.6996,0.05769555921815299
1734586200,75,Extreme Greed,2024-12-19,5,-6.0,-7.4074074074074066,80.71428571428571,80.33333333333333,4.191828786035859,-5.714285714285708,2024,12,3,2024-12-19,103009.75,75.07312964,0.6546609008190774,9,30,30.0,3433.6583333333333,0.0728796348306835
1734672600,74,Greed,2024-12-20,4,-1.0,-1.3333333333333308,80.42857142857143,80.03333333333333,4.613644360559712,-6.428571428571431,2024,12,4,2024-12-20,119772.68,1068.19068558,2.494328399805994,6,24,25.0,4990.528333333333,0.8918483627318017
1734759000,73,Greed,2024-12-21,4,-1.0,-1.3513513513513487,79.0,79.73333333333333,5.196152422707541,-6.0,2024,12,5,2024-12-21,2060.62,76.534557,21.380410793335127,4,7,57.14285714285714,294.3742857142857,3.7141519057371086
1734845400,73,Greed,2024-12-22,4,0.0,0.0,78.0,79.03333333333333,5.627314338712172,-5.0,2024,12,6,2024-12-22,7105.509999999999,1404.3309160000001,7.699814659198484,2,4,50.0,1776.3774999999998,19.763970721313463
1734931800,70,Greed,2024-12-23,4,-3.0,-4.109589041095896,76.14285714285714,78.26666666666667,5.843188953205703,-6.142857142857139,2024,12,0,2024-12-23,52352.56,-30.058209920000003,-0.09103552374359963,0,20,0.0,2617.6279999999997,-0.0574149763067938
1735104600,73,Greed,2024-12-25,4,0.0,0.0,73.0,77.73333333333333,1.5275252316540526,0.0,2024,12,2,2024-12-25,28882.36,16.854281999999998,3.626037815961603,1,3,33.33333333333333,9627.453333333333,0.05835493359960889
1735191000,79,Extreme Greed,2024-12-26,5,6.0,8.219178082191792,73.57142857142857,77.73333333333333,2.699206232528557,5.428571428571431,2024,12,3,2024-12-26,1712.6399999999999,52.862909,3.2060943804550828,2,3,66.66666666666666,570.88,3.08663285921151
1735277400,74,Greed,2024-12-27,4,-5.0,-6.329113924050633,73.57142857142857,77.7,2.699206232528557,0.4285714285714306,2024,12,4,2024-12-27,384.15999999999997,1.453027,0.3214686251324366,1,3,33.33333333333333,128.0533333333333,0.378234850062474
1735363800,72,Greed,2024-12-28,4,-2.0,-2.7027027027026973,73.42857142857143,77.53333333333333,2.760262237370622,-1.4285714285714306,2024,12,5,2024-12-28,49835.380000000005,-4.784188,-0.009598689617252092,0,14,0.0,3559.6700000000005,-0.009599982983976444
1735450200,73,Greed,2024-12-29,4,1.0,1.388888888888884,73.42857142857143,77.36666666666666,2.760262237370622,-0.4285714285714306,2024,12,6,2024-12-29,2082.76,-0.199941,-0.009597039816183704,0,5,0.0,416.552,-0.009599809867675583
1735536600,65,Greed,2024-12-30,4,-8.0,-10.95890410958904,72.71428571428571,76.73333333333333,4.1115400891598055,-7.714285714285708,2024,12,0,2024-12-30,27391.07,3.981241,0.11066606368483566,1,11,9.090909090909092,2490.097272727273,0.014534813718485622
1735623000,64,Greed,2024-12-31,4,-1.0,-1.538461538461533,71.42857142857143,76.16666666666667,5.25538272812298,-7.428571428571431,2024,12,1,2024-12-31,9265.2,-2.779559,-0.02999999394075268,0,2,0.0,4632.6,-0.029999989206924836
1735795800,70,Greed,2025-01-02,4,4.0,6.060606060606055,69.14285714285714,75.5,4.099941927580008,0.8571428571428612,2025,1,3,2025-01-02,40448.34,-9.018216,0.9144140887698812,1,4,25.0,10112.085,-0.022295639326607723
1735882200,74,Greed,2025-01-03,4,4.0,5.714285714285716,69.14285714285714,75.36666666666666,4.099941927580008,4.857142857142861,2025,1,4,2025-01-03,3828.11,-0.367495,-0.009599817549805894,0,3,0.0,1276.0366666666666,-0.00959990700371724
1736055000,72,Greed,2025-01-05,4,-1.0,-1.3698630136986356,69.14285714285714,75.0,4.099941927580008,2.857142857142861,2025,1,6,2025-01-05,82466.11,503.677484,0.14716866488464822,1,4,25.0,20616.5275,0.6107690589503979
1736141400,76,Extreme Greed,2025-01-06,5,4.0,5.555555555555558,70.71428571428571,75.03333333333333,4.347960660443842,5.285714285714292,2025,1,0,2025-01-06,74106.84,1344.553386,0.5388082793282751,2,11,18.181818181818183,6736.985454545455,1.8143445139477004
1736227800,78,Extreme Greed,2025-01-07,5,2.0,2.6315789473684292,72.71428571428571,75.0,3.94606494769597,5.285714285714292,2025,1,1,2025-01-07,8234.11,31.459037999999996,2.326603044228789,3,5,60.0,1646.8220000000001,0.3820575387018147
1736314200,70,Greed,2025-01-08,4,-8.0,-10.256410256410254,73.28571428571429,74.73333333333333,2.9840847683617135,-3.285714285714292,2025,1,2,2025-01-08,4838.93,130.337148,1.9969386880482538,3,5,60.0,967.7860000000001,2.693511747431767
1736400600,69,Greed,2025-01-09,4,-1.0,-1.4285714285714235,73.14285714285714,74.43333333333334,3.1847852585164294,-4.142857142857139,2025,1,3,2025-01-09,221.89,-0.077661,-0.03499977466312137,0,1,0.0,221.89,-0.03499977466312137
1736487000,50,Neutral,2025-01-10,3,-19.0,-27.536231884057973,69.71428571428571,73.63333333333334,9.250482612892878,-19.714285714285708,2025,1,4,2025-01-10,4687.4,-1.505881,0.25595756616030724,1,4,25.0,1171.85,-0.03212614669112941
1736573400,69,Greed,2025-01-11,4,19.0,37.999999999999986,69.14285714285714,73.16666666666667,9.136530549185238,-0.1428571428571388,2025,1,5,2025-01-11,71517.61,91.65584499999999,0.2739944875728987,2,2,100.0,35758.805,0.1281584283926714
1736659800,62,Greed,2025-01-12,4,-7.0,-10.144927536231885,67.71428571428571,72.7,9.393513466115818,-5.714285714285708,2025,1,6,2025-01-12,2500.01,6.911037,0.27644037423850304,1,1,100.0,2500.01,0.27644037423850304
1736746200,61,Greed,2025-01-13,4,-1.0,-1.6129032258064502,65.57142857142857,71.96666666666667,8.885515232803554,-4.571428571428569,2025,1,0,2025-01-13,11198.23,293.242017,2.6186461342551457,1,1,100.0,11198.23,2.6186461342551457
1736832600,63,Greed,2025-01-14,4,2.0,3.2786885245901676,63.42857142857143,71.4,6.996597812678891,-0.4285714285714306,2025,1,1,2025-01-14,869.65,16.60377,7.0069742485888264,1,2,50.0,434.825,1.9092473983786582
1737005400,75,Extreme Greed,2025-01-16,5,5.0,7.14285714285714,64.28571428571429,70.56666666666666,8.077010290825296,10.714285714285708,2025,1,3,2025-01-16,100776.07,547.821693,0.4052291024411224,2,5,40.0,20155.214,0.5436029535583199
1737091800,75,Extreme Greed,2025-01-17,5,0.0,0.0,67.85714285714286,70.36666666666666,5.956189257922767,7.142857142857139,2025,1,4,2025-01-17,344.83,19.14037,5.550668445320883,1,1,100.0,344.83,5.550668445320883
1737178200,77,Extreme Greed,2025-01-18,5,2.0,2.6666666666666616,69.0,70.43333333333334,6.904105059069659,8.0,2025,1,5,2025-01-18,4004.9,17.691203,2.642184241211061,3,4,75.0,1001.225,0.44173894479262904
1737264600,77,Extreme Greed,2025-01-19,5,0.0,0.0,71.14285714285714,70.53333333333333,6.6939916200671545,5.857142857142861,2025,1,6,2025-01-19,405819.14999999997,13.325067999999998,0.7808436516824259,4,18,22.22222222222222,22545.50833333333,0.0032834990660248536
1737351000,76,Extreme Greed,2025-01-20,5,-1.0,-1.2987012987012991,73.28571428571429,70.63333333333334,5.122313465427667,2.714285714285708,2025,1,0,2025-01-20,135071.43,5116.7954230000005,3.1225383998228327,7,13,53.84615384615385,10390.109999999999,3.788214445497468
1737437400,76,Extreme Greed,2025-01-21,5,0.0,0.0,75.14285714285714,70.73333333333333,2.41029537806696,0.8571428571428612,2025,1,1,2025-01-21,102131.84,204.403807,1.448545197978586,3,5,60.0,20426.368,0.20013720207136187
1737523800,84,Extreme Greed,2025-01-22,5,8.0,10.526315789473696,77.14285714285714,71.2,3.1320159337927778,6.857142857142861,2025,1,2,2025-01-22,3481.79,23.199193,0.27122096902691184,1,4,25.0,870.4475,0.6663007533481342
1737610200,75,Extreme Greed,2025-01-23,5,-9.0,-10.71428571428571,77.14285714285714,71.26666666666667,3.1320159337927778,-2.142857142857139,2025,1,3,2025-01-23,12800.93,471.554356,3.1811190456059344,4,7,57.14285714285714,1828.7042857142858,3.6837507587339355
1737696600,75,Extreme Greed,2025-01-24,5,0.0,0.0,77.14285714285714,71.33333333333333,3.1320159337927778,-2.142857142857139,2025,1,4,2025-01-24,6562.25,79.10703437999999,1.0510967005307286,5,8,62.5,820.28125,1.20548644717894
1737783000,75,Extreme Greed,2025-01-25,5,0.0,0.0,76.85714285714286,71.2,3.23669437485197,-1.8571428571428612,2025,1,5,2025-01-25,24554.16,-0.20511066,-0.006182353669824632,0,6,0.0,4092.36,-0.0008353397550557625
1737869400,73,Greed,2025-01-26,4,-2.0,-2.6666666666666616,76.28571428571429,71.16666666666667,3.5456210417127516,-3.285714285714292,2025,1,6,2025-01-26,51666.67,1942.808065,1.4796354084313694,9,26,34.61538461538461,1987.1796153846153,3.7602734315952624
1737955800,71,Greed,2025-01-27,4,-2.0,-2.73972602739726,75.57142857142857,71.13333333333334,4.07664661444366,-4.571428571428569,2025,1,0,2025-01-27,4585.8,64.10122155,5.704348926315439,3,7,42.857142857142854,655.1142857142858,1.3978198253303677
1738042200,72,Greed,2025-01-28,4,1.0,1.4084507042253502,75.0,71.1,4.281744192889204,-3.0,2025,1,1,2025-01-28,16933.25,389.79878199999996,2.137908978535157,12,19,63.1578947368421,891.2236842105264,2.3019726396291316
1738128600,72,Greed,2025-01-29,4,0.0,0.0,73.28571428571429,71.33333333333333,1.7043362064945586,-1.2857142857142918,2025,1,2,2025-01-29,1407.23,8.513465,0.5111910271682292,2,2,100.0,703.615,0.6049803514706196
1738215000,70,Greed,2025-01-30,4,-2.0,-2.777777777777779,72.57142857142857,71.53333333333333,1.9023794624242747,-2.5714285714285694,2025,1,3,2025-01-30,27724.39,260.956394,1.90660703922184,5,14,35.714285714285715,1980.3135714285713,0.9412520672231202
1738301400,76,Extreme Greed,2025-01-31,5,6.0,8.571428571428562,72.71428571428571,71.86666666666666,2.138089935300826,3.285714285714292,2025,1,4,2025-01-31,5077.95,110.288176,1.505027898290547,4,9,44.44444444444444,564.2166666666667,2.171903543752893
1738387800,68,Greed,2025-02-01,4,-8.0,-10.526315789473683,71.71428571428571,71.8,2.497617912752252,-3.714285714285708,2025,2,5,2025-02-01,17961.07,26.72050889,0.34180002851069347,1,4,25.0,4490.2675,0.1487690259544671
1738474200,60,Greed,2025-02-02,4,-8.0,-11.764705882352944,69.85714285714286,71.33333333333333,4.980915960898019,-9.857142857142861,2025,2,6,2025-02-02,22619.87,613.9267250500001,3.5327893053835804,3,21,14.285714285714285,1077.1366666666665,2.7141036842828896
1738560600,44,Fear,2025-02-03,2,-16.0,-26.66666666666667,66.0,70.36666666666666,10.893423092245605,-22.0,2025,2,0,2025-02-03,842056.3300000001,3014.984501,1.1147958148451662,15,37,40.54054054054054,22758.27918918919,0.35805021512040647
1738647000,72,Greed,2025-02-04,4,28.0,63.63636363636365,66.0,70.36666666666666,10.893423092245605,6.0,2025,2,1,2025-02-04,333981.4,4679.510333000002,2.0656152914834687,7,33,21.21212121212121,10120.648484848485,1.4011290248498873
1738733400,54,Neutral,2025-02-05,3,-18.0,-25.0,63.42857142857143,69.63333333333334,11.35572018642512,-9.42857142857143,2025,2,2,2025-02-05,212253.25,-20.31994488,0.20985524256948662,4,14,28.57142857142857,15160.94642857143,-0.009573443459640785
1738819800,49,Neutral,2025-02-06,3,-5.0,-9.259259259259256,60.42857142857143,68.66666666666667,12.08107532268472,-11.42857142857143,2025,2,3,2025-02-06,22875.66,231.14852405000002,2.4066065282636284,8,17,47.05882352941176,1345.6270588235293,1.0104561968922428
1738906200,44,Fear,2025-02-07,2,-5.0,-10.204081632653061,55.857142857142854,67.8,11.231333720571923,-11.857142857142854,2025,2,4,2025-02-07,69731.09,417.895386,0.5549831502970288,3,29,10.344827586206897,2404.520344827586,0.599295645600836
1738992600,44,Fear,2025-02-08,2,0.0,0.0,52.42857142857143,66.96666666666667,10.549204438521024,-8.42857142857143,2025,2,5,2025-02-08,2139.09,-0.213909,-0.009999999999999998,0,1,0.0,2139.09,-0.009999999999999998
1739079000,46,Neutral,2025-02-09,3,2.0,4.545454545454541,50.42857142857143,66.83333333333333,10.195704043977418,-4.428571428571431,2025,2,6,2025-02-09,30521.96,422.734683,0.6851204331899312,6,10,60.0,3052.196,1.385018141036814
1739165400,43,Fear,2025-02-10,2,-3.0,-6.521739130434778,50.285714285714285,65.96666666666667,10.307186582093665,-7.285714285714285,2025,2,0,2025-02-10,23140.21,4.630662,0.0815321053799054,1,7,14.285714285714285,3305.7442857142855,0.020011322282727773
1739251800,47,Neutral,2025-02-11,3,4.0,9.302325581395344,46.714285714285715,65.46666666666667,3.8172540616814445,0.2857142857142847,2025,2,1,2025-02-11,3920.1500000000005,-0.10650790999999998,-0.014360592862496644,0,4,0.0,980.0375000000001,-0.0027169345560756593
1739338200,46,Neutral,2025-02-12,3,-1.0,-2.127659574468088,45.57142857142857,64.96666666666667,2.0701966780257166,0.4285714285714306,2025,2,2,2025-02-12,42420.27,-461.27975499999997,-2.5737435059126885,3,11,27.27272727272727,3856.3881818181817,-1.0874040995024312
1739424600,50,Neutral,2025-02-13,3,4.0,8.695652173913038,45.714285714285715,64.53333333333333,2.360387377407162,4.285714285714285,2025,2,3,2025-02-13,440.80999999999995,-0.041646999999999997,-0.0072980589095464465,0,2,0.0,220.40499999999997,-0.00944783466799755
1739511000,48,Neutral,2025-02-14,3,-2.0,-4.0000000000000036,46.285714285714285,63.8,2.360387377407214,1.7142857142857153,2025,2,4,2025-02-14,135311.99,23810.97182003,18.91228656482553,68,75,90.66666666666666,1804.1598666666666,17.59708937842833
1739597400,50,Neutral,2025-02-15,3,2.0,4.166666666666674,47.142857142857146,62.96666666666667,2.4784787961272228,2.857142857142854,2025,2,5,2025-02-15,20895.48,7.384593630000001,0.050020568462795297,1,7,14.285714285714285,2985.0685714285714,0.03534062692027176
1739683800,54,Neutral,2025-02-16,3,4.0,8.000000000000007,48.285714285714285,62.266666666666666,3.4982989063387397,5.714285714285715,2025,2,6,2025-02-16,4627.43,-0.27636996999999996,-0.0045369019104767845,0,5,0.0,925.4860000000001,-0.0059724289724533905
1739770200,51,Neutral,2025-02-17,3,-3.0,-5.555555555555558,49.42857142857143,61.4,2.699206232526582,1.5714285714285694,2025,2,0,2025-02-17,198136.31,-11.04764438,0.01405405144136141,2,46,4.3478260869565215,4307.311086956522,-0.00557577981542101
1739856600,47,Neutral,2025-02-18,3,-4.0,-7.843137254901967,49.42857142857143,60.4,2.699206232526582,-2.4285714285714306,2025,2,1,2025-02-18,13230.03,777.24195002,2.636589872358448,5,12,41.66666666666667,1102.5025,5.874831349739948
1739943000,44,Fear,2025-02-19,2,-3.0,-6.382978723404253,49.142857142857146,59.333333333333336,3.184785258514785,-5.142857142857146,2025,2,2,2025-02-19,26634.04,34.761471,1.044907131066314,3,5,60.0,5326.808,0.13051520159915656
1740029400,49,Neutral,2025-02-20,3,5.0,11.363636363636353,49.0,58.43333333333333,3.1622776601677285,0.0,2025,2,3,2025-02-20,50734.44,291.907069,0.779899177859516,5,11,45.45454545454545,4612.221818181818,0.5753627496430432
1740115800,55,Greed,2025-02-21,4,6.0,12.244897959183664,50.0,57.46666666666667,3.8297084310248692,5.0,2025,2,4,2025-02-21,50553.32,1159.596301,5.605462667070355,13,22,59.09090909090909,2297.878181818182,2.293808400714335
1740202200,49,Neutral,2025-02-22,3,-6.0,-10.909090909090914,49.857142857142854,56.6,3.848314411469007,-0.8571428571428541,2025,2,5,2025-02-22,10504.880000000001,-1.977542,-0.012571295401875989,0,7,0.0,1500.697142857143,-0.01882498419782044
1740375000,49,Neutral,2025-02-24,3,-1.0,-2.0000000000000018,49.0,54.9,3.316624790354781,0.0,2025,2,0,2025-02-24,177024.17,1997.55793546,0.4376846134772011,16,40,40.0,4425.60425,1.1284097168539187
1740461400,25,Fear,2025-02-25,2,-24.0,-48.97959183673469,45.857142857142854,53.3,9.737018219635745,-20.857142857142854,2025,2,1,2025-02-25,1023705.82,67877.16788009,20.38099331953344,44,64,68.75,15995.4034375,6.630534529938494
1740547800,21,Extreme Fear,2025-02-26,1,-4.0,-16.000000000000004,42.57142857142857,51.63333333333333,13.587459203951303,-21.57142857142857,2025,2,2,2025-02-26,26215.85,8243.394511,7.4422563008541065,5,5,100.0,5243.17,31.444315217702272
1740634200,10,Extreme Fear,2025-02-27,1,-11.0,-52.38095238095239,37.0,49.56666666666667,17.84189825476327,-27.0,2025,2,3,2025-02-27,18186.120000000003,2031.5066339999998,21.143277068415845,4,6,66.66666666666666,3031.0200000000004,11.170643512744881
1740720600,16,Extreme Fear,2025-02-28,1,6.0,60.00000000000001,31.428571428571427,47.7,17.36718306516738,-15.428571428571427,2025,2,4,2025-02-28,8946.11,51.093577999999994,1.855418226197065,3,8,37.5,1118.26375,0.5711261989848101
1740807000,20,Extreme Fear,2025-03-01,1,4.0,25.0,27.285714285714285,46.03333333333333,15.871507864873754,-7.285714285714285,2025,3,5,2025-03-01,3396.3900000000003,-0.326048,-0.009599075989566618,0,5,0.0,679.278,-0.00959983982993708
1740893400,26,Fear,2025-03-02,2,6.0,30.000000000000004,23.857142857142858,44.36666666666667,12.34812497815667,2.1428571428571423,2025,3,6,2025-03-02,4763.64,1500.311724,25.558501311747758,8,10,80.0,476.36400000000003,31.495069400710378
1740979800,33,Fear,2025-03-03,2,7.0,26.923076923076916,21.571428571428573,43.2,7.412987316350022,11.428571428571427,2025,3,0,2025-03-03,209188.71,22769.246423,10.974833697171391,19,28,67.85714285714286,7471.025357142857,10.884548417072795
1741066200,15,Extreme Fear,2025-03-04,1,-18.0,-54.54545454545454,20.142857142857142,41.7,7.603257447272756,-5.142857142857142,2025,3,1,2025-03-04,240897.67,30865.10241106,11.24596383273692,26,70,37.142857142857146,3441.395285714286,12.812536713642766
1741152600,20,Extreme Fear,2025-03-05,1,5.0,33.33333333333333,20.0,40.9,7.593857166595341,0.0,2025,3,2,2025-03-05,54460.39,821.69535601,2.4529475650591173,10,19,52.63157894736842,2866.3363157894737,1.5087944761504646
1741239000,25,Fear,2025-03-06,2,5.0,25.0,22.142857142857142,39.333333333333336,6.309478885732907,2.8571428571428577,2025,3,3,2025-03-06,64318.75,102.508228,0.4929622202840569,2,3,66.66666666666666,21439.583333333332,0.15937534233796521
1741325400,34,Fear,2025-03-07,2,9.0,36.00000000000001,24.714285714285715,38.666666666666664,7.01698619337973,9.285714285714285,2025,3,4,2025-03-07,23150.29,100.352075,3.9195457308022847,2,9,22.22222222222222,2572.2544444444447,0.43348085488345933
1741411800,28,Fear,2025-03-08,2,-6.0,-17.647058823529417,25.857142857142858,37.96666666666667,6.768273325561753,2.1428571428571423,2025,3,5,2025-03-08,3798.3199999999997,93.998693,2.629741522603638,4,5,80.0,759.664,2.474743913098423
1741498200,27,Fear,2025-03-09,2,-1.0,-3.57142857142857,26.0,37.4,6.782329983124309,1.0,2025,3,6,2025-03-09,12762.17,59.59705199999999,0.42802072149546616,3,8,37.5,1595.27125,0.4669821198119128
1741584600,20,Extreme Fear,2025-03-10,1,-7.0,-25.92592592592593,24.142857142857142,36.6,6.3094788857329664,-4.142857142857142,2025,3,0,2025-03-10,253164.52,-273.03534,-4.5327697488011625,2,21,9.523809523809524,12055.453333333333,-0.10784897504595037
1741671000,24,Extreme Fear,2025-03-11,1,4.0,19.999999999999996,25.428571428571427,35.86666666666667,4.894116973711165,-1.428571428571427,2025,3,1,2025-03-11,25522.18,-205.065849,0.09786216278046878,2,13,15.384615384615385,1963.2446153846154,-0.8034809291369311
1741757400,34,Fear,2025-03-12,2,10.0,41.66666666666667,27.428571428571427,35.56666666666667,5.15936504029664,6.571428571428573,2025,3,2,2025-03-12,11066.09,117.998452,1.5244686487384664,5,11,45.45454545454545,1006.0081818181818,1.0663066358578324
1741843800,45,Neutral,2025-03-13,3,11.0,32.35294117647059,30.285714285714285,35.5,8.220184217608336,14.714285714285715,2025,3,3,2025-03-13,18127.28,94.248852,0.6128396322250519,4,7,57.14285714285714,2589.6114285714284,0.5199282628171463
1741930200,27,Fear,2025-03-14,2,-18.0,-40.0,29.285714285714285,34.86666666666667,8.118174788999688,-2.2857142857142847,2025,3,4,2025-03-14,13392.0,51.35781,1.1386349578988337,15,16,93.75,837.0,0.3834961917562724
1742016600,46,Neutral,2025-03-15,3,19.0,70.37037037037037,31.857142857142858,34.733333333333334,10.22135952191193,14.142857142857142,2025,3,5,2025-03-15,3618.84,2859.3918990000006,72.23189127095517,2,2,100.0,1809.42,79.01404590973905
1742103000,30,Fear,2025-03-16,2,-16.0,-34.78260869565217,32.285714285714285,34.13333333333333,10.045136231268906,-2.2857142857142847,2025,3,6,2025-03-16,17990.95,-40.108057999999986,0.7739457089324363,1,4,25.0,4497.7375,-0.22293463102281968
1742189400,32,Fear,2025-03-17,2,2.0,6.666666666666665,34.0,33.53333333333333,8.504900548114795,-2.0,2025,3,0,2025-03-17,20858.17,-5.952408999999999,0.9487202542027058,1,7,14.285714285714285,2979.738571428571,-0.028537541884067492
1742275800,34,Fear,2025-03-18,2,2.0,6.25,35.42857142857143,32.86666666666667,7.299706452022903,-1.4285714285714306,2025,3,1,2025-03-18,75735.14,82.600202,0.04778525245355712,2,28,7.142857142857142,2704.8264285714286,0.10906456632944758
1742362200,32,Fear,2025-03-19,2,-2.0,-5.882352941176472,35.142857142857146,32.233333333333334,7.403345447128226,-3.142857142857146,2025,3,2,2025-03-19,145310.77,295.377722,0.07683427450723979,4,25,16.0,5812.430799999999,0.20327311045148272
1742448600,49,Neutral,2025-03-20,3,17.0,53.125,35.714285714285715,32.3,8.380817098474699,13.285714285714285,2025,3,3,2025-03-20,10923.5,362.298313,3.3842784541313895,9,9,100.0,1213.7222222222222,3.3166870783173894
1742535000,31,Fear,2025-03-21,2,-18.0,-36.73469387755102,36.285714285714285,31.866666666666667,7.804150299984793,-5.285714285714285,2025,3,4,2025-03-21,1652.33,5.112813000000001,0.23019179277851703,2,5,40.0,330.466,0.3094305011710736
1742621400,32,Fear,2025-03-22,2,1.0,3.2258064516129004,34.285714285714285,31.3,6.6008657440837775,-2.2857142857142847,2025,3,5,2025-03-22,14951.169999999998,289.10509600000006,11.00069898671107,3,5,60.0,2990.2339999999995,1.9336620210993527
1742794200,45,Neutral,2025-03-24,3,15.0,50.0,36.142857142857146,30.333333333333332,7.6032574472731485,8.857142857142854,2025,3,0,2025-03-24,25801.18,421.298854,1.399630296500793,2,4,50.0,6450.295,1.6328666130773863
1742880600,46,Neutral,2025-03-25,3,1.0,2.2222222222222143,37.857142857142854,30.2,8.355209381548448,8.142857142857146,2025,3,1,2025-03-25,209250.15,280.81240800000006,2.3549432919016304,1,2,50.0,104625.075,0.13419938193592695
1742967000,47,Neutral,2025-03-26,3,1.0,2.1739130434782705,40.0,30.133333333333333,8.524474568362486,7.0,2025,3,2,2025-03-26,19704.46,-77.87321999999999,0.1875234154322297,1,9,11.11111111111111,2189.3844444444444,-0.3952060599478493
1743053400,40,Fear,2025-03-27,2,-7.0,-14.893617021276595,38.714285714285715,30.633333333333333,7.565586245499216,1.2857142857142847,2025,3,3,2025-03-27,21364.09,25.472732359999995,0.8316469770008249,3,17,17.647058823529413,1256.7111764705883,0.11923153459847807
1743139800,44,Fear,2025-03-28,2,4.0,10.000000000000009,40.57142857142857,31.4,6.924765768773213,3.4285714285714306,2025,3,4,2025-03-28,8068.5,74.022274,0.7844125968982087,6,7,85.71428571428571,1152.642857142857,0.9174229906426224
1743226200,26,Fear,2025-03-29,2,-18.0,-40.90909090909091,39.714285714285715,31.933333333333334,8.38081709847478,-13.714285714285715,2025,3,5,2025-03-29,3213.23,893.832707,11.02402700779409,3,9,33.33333333333333,357.02555555555557,27.817265088400145
1743312600,32,Fear,2025-03-30,2,6.0,23.076923076923084,40.0,32.46666666666667,8.020806277010152,-8.0,2025,3,6,2025-03-30,4875.360000000001,-0.6155189999999999,-0.026669312756736577,0,3,0.0,1625.1200000000001,-0.012625098454267989
1743399000,34,Fear,2025-03-31,2,2.0,6.25,38.42857142857143,32.93333333333333,7.9552318813285305,-4.428571428571431,2025,3,0,2025-03-31,16545.69,55.873749999999994,0.17074472138566305,1,2,50.0,8272.845,0.33769368337011024
1743485400,34,Fear,2025-04-01,2,0.0,0.0,36.714285714285715,33.2,7.319250547113383,-2.7142857142857153,2025,4,1,2025-04-01,65740.71,-6.3111060000000005,-0.009598714929241558,0,3,0.0,21913.570000000003,-0.00959999671436466
1743571800,44,Fear,2025-04-02,2,10.0,29.41176470588236,36.285714285714285,33.56666666666667,6.676183683169556,7.714285714285715,2025,4,2,2025-04-02,1202.28,68.87220599999999,5.602071910568993,4,4,100.0,300.57,5.728466413813753
1743658200,25,Fear,2025-04-03,2,-19.0,-43.18181818181818,34.142857142857146,33.9,7.625146368617934,-9.142857142857146,2025,4,3,2025-04-03,17300.010000000002,3.3076920000000007,0.018949151515939906,1,5,20.0,3460.0020000000004,0.01911959588462666
1743744600,28,Fear,2025-04-04,2,3.0,12.00000000000001,31.857142857142858,34.166666666666664,6.49175301000019,-3.8571428571428577,2025,4,4,2025-04-04,1930.28,-5.324192,1.1381869574408563,2,3,66.66666666666666,643.4266666666666,-0.2758248544252647
1743831000,30,Fear,2025-04-05,2,2.0,7.14285714285714,32.42857142857143,34.333333333333336,6.051367417289847,-2.4285714285714306,2025,4,5,2025-04-05,17527.85,-5.304549,-0.0277000036832397,0,4,0.0,4381.9625,-0.030263546299175312
1743917400,34,Fear,2025-04-06,2,4.0,13.33333333333333,32.714285714285715,34.333333333333336,6.074928962938708,1.2857142857142847,2025,4,6,2025-04-06,1661.5700000000002,497.50022700000005,14.756103301676644,1,3,33.33333333333333,553.8566666666667,29.94157495621611
1744003800,23,Extreme Fear,2025-04-07,1,-11.0,-32.35294117647059,31.142857142857142,34.166666666666664,7.033931367036475,-8.142857142857142,2025,4,0,2025-04-07,25023.68,-4550.220657,-12.536285696355488,1,16,6.25,1563.98,-18.18365906613256
1744090200,24,Extreme Fear,2025-04-08,1,1.0,4.347826086956519,29.714285714285715,34.06666666666667,7.364651739090172,-5.714285714285715,2025,4,1,2025-04-08,146298.12,821.94817003,0.05788284075235045,3,38,7.894736842105263,3849.9505263157894,0.5618309859552536
1744176600,18,Extreme Fear,2025-04-09,1,-6.0,-25.0,26.0,34.0,5.19615242270542,-8.0,2025,4,2,2025-04-09,282690.79,1539.4718480699999,3.667361263631487,16,33,48.484848484848484,8566.387575757575,0.5445779991877344
1744263000,39,Fear,2025-04-10,2,21.0,116.66666666666666,28.0,34.5,7.094598884596747,11.0,2025,4,3,2025-04-10,1216699.36,4603.213043,2.854869421209174,37,54,68.51851851851852,22531.46962962963,0.3783361111491009
1744349400,25,Fear,2025-04-11,2,-14.0,-35.89743589743589,27.571428571428573,34.2,7.184639700015273,-2.571428571428573,2025,4,4,2025-04-11,5978.83,-422.572739,-1.6471494247759042,2,8,25.0,747.35375,-7.067816596223676
1744435800,43,Fear,2025-04-12,2,18.0,72.0,29.428571428571427,34.13333333333333,9.289010404004447,13.571428571428573,2025,4,5,2025-04-12,3513693.34,86839.158893,1.3419150094418713,42,139,30.215827338129497,25278.369352517984,2.4714495685898417
1744522200,45,Neutral,2025-04-13,3,2.0,4.651162790697683,31.0,34.733333333333334,10.969655114602395,14.0,2025,4,6,2025-04-13,466096.6,840.399252,-3.062218272825348,4,14,28.57142857142857,33292.614285714284,0.18030581042642235
1744608600,31,Fear,2025-04-14,2,-14.0,-31.11111111111111,32.142857142857146,34.233333333333334,10.399175791515722,-1.142857142857146,2025,4,0,2025-04-14,47497.1,105.19027699999995,5.357607266693939,3,18,16.666666666666664,2638.7277777777776,0.22146673586387366
1744695000,38,Fear,2025-04-15,2,7.0,22.580645161290324,34.142857142857146,34.5,9.906707684334254,3.857142857142854,2025,4,1,2025-04-15,402833.44,1069.873317,1.9152215443385225,29,46,63.04347826086957,8757.248695652173,0.26558701705598226
1744781400,29,Fear,2025-04-16,2,-9.0,-23.684210526315784,35.714285714285715,34.4,7.499206307209185,-6.714285714285715,2025,4,2,2025-04-16,1897524.65,4727.838286,3.6673117343113844,28,64,43.75,29648.82265625,0.2491582012386506
1744867800,30,Fear,2025-04-17,2,1.0,3.4482758620689724,34.42857142857143,34.266666666666666,7.61264612026405,-4.428571428571431,2025,4,3,2025-04-17,3258.17,36.213111,1.8225792037145827,2,5,40.0,651.634,1.1114555409938707
1744954200,33,Fear,2025-04-18,2,3.0,10.000000000000009,35.57142857142857,34.3,6.477065767179742,-2.5714285714285694,2025,4,4,2025-04-18,261616.36,551.06349655,-0.33293898045042125,15,25,60.0,10464.6544,0.21063801076889843
1745040600,32,Fear,2025-04-19,2,-1.0,-3.0303030303030276,34.0,33.733333333333334,5.6568542494915155,-2.0,2025,4,5,2025-04-19,1893764.47,5726.332472,0.08936924861183176,14,39,35.8974358974359,48558.06333333333,0.30237828213135715
1745127000,37,Fear,2025-04-20,2,5.0,15.625,32.857142857142854,33.93333333333333,3.43649877193542,4.142857142857146,2025,4,6,2025-04-20,313618.30000000005,5027.67527554,20.765412924674518,16,24,66.66666666666666,13067.429166666669,1.6031192298217292
1745213400,39,Fear,2025-04-21,2,2.0,5.405405405405395,34.0,34.166666666666664,3.999999999998777,5.0,2025,4,0,2025-04-21,1830804.32,-5396.5324980000005,-0.5849586491230487,23,69,33.33333333333333,26533.395942028987,-0.2947629322832273
1745299800,47,Neutral,2025-04-22,3,8.0,20.512820512820507,35.285714285714285,34.733333333333334,6.290582530371827,11.714285714285715,2025,4,1,2025-04-22,706352.22,88.08450099999999,0.763058594415596,12,30,40.0,23545.074,0.012470336824311248
1745386200,72,Greed,2025-04-23,4,25.0,53.191489361702125,41.42857142857143,35.63333333333333,14.615712354142728,30.57142857142857,2025,4,2,2025-04-23,647254.74,-69683.89580696,9.381998846885395,24,47,51.06382978723404,13771.37744680851,-10.766069601430807
1745472600,63,Greed,2025-04-24,4,-9.0,-12.5,46.142857142857146,36.2,15.60372360932431,16.857142857142854,2025,4,3,2025-04-24,1489821.28,4827.627772,0.48134033747604865,26,84,30.952380952380953,17735.96761904762,0.3240407313822232
1745559000,60,Greed,2025-04-25,4,-3.0,-4.761904761904767,50.0,36.63333333333333,15.14375558880059,10.0,2025,4,4,2025-04-25,665480.38,2980.185266,2.9138312455881654,29,56,51.78571428571429,11883.578214285715,0.44782466253926223
1745645400,65,Greed,2025-04-26,4,5.0,8.333333333333325,54.714285714285715,37.46666666666667,13.671311638052849,10.285714285714285,2025,4,5,2025-04-26,189029.82,-33.705562,0.07227644192295181,1,17,5.88235294117647,11119.401176470588,-0.017830817381088337
1745818200,54,Neutral,2025-04-28,3,-7.0,-11.475409836065575,60.285714285714285,38.96666666666667,7.994045402970963,-6.285714285714285,2025,4,0,2025-04-28,469287.95,-926.1068839999998,0.034808679825946126,15,23,65.21739130434783,20403.823913043478,-0.19734299250598694
1745904600,60,Greed,2025-04-29,4,6.0,11.111111111111116,62.142857142857146,39.9,5.520524474738826,-2.142857142857146,2025,4,1,2025-04-29,1728653.43,5386.58993304,0.3356002671679194,18,38,47.368421052631575,45490.8797368421,0.3116061229832518
1745991000,56,Greed,2025-04-30,4,-4.0,-6.666666666666665,59.857142857142854,40.63333333333333,3.804758924845254,-3.857142857142854,2025,4,2,2025-04-30,368339.11,-85.52399729,-0.744569406333061,0,16,0.0,23021.194375,-0.023218820637862757
1746077400,53,Neutral,2025-05-01,3,-3.0,-5.35714285714286,58.42857142857143,41.266666666666666,4.276179870598632,-5.428571428571431,2025,5,3,2025-05-01,110140.88,798.76005406,5.449580127145666,9,13,69.23076923076923,8472.375384615385,0.7252166988860085
